id,name,email,age
1,Allison Hill,gabriellecameron@example.org,35
2,Noah Rhodes,lydiatrujillo@example.com,62
3,Angie Henderson,carl95@example.org,52
4,Daniel Wagner,pfoster@example.com,46
5,Cristian Santos,josephwright@example.net,25
6,Connie Lawrence,julie69@example.com,25
7,Abigail Shaffer,jeffrey28@example.com,20
8,Gina Moore,camposmichelle@example.org,58
9,Gabrielle Davis,laurahenderson@example.org,46
10,Ryan Munoz,djames@example.net,51
11,Monica Herrera,tasha01@example.net,18
12,Jamie Arnold,kayla51@example.com,63
13,Lisa Hensley,amoore@example.net,57
14,Michele Williams,teresa28@example.org,27
15,Dylan Miller,meagan89@example.org,26
16,Brian Ramirez,nathanielmartin@example.net,26
17,Holly Wood,georgetracy@example.org,32
18,Derek Zuniga,natasha43@example.org,42
19,Lisa Jackson,nataliearroyo@example.org,38
20,Carla Gray,wcabrera@example.net,31
